1,Alice Howard,Taxi Driver,Mechanic,Housekeeper,44.0,62.0
2,Daniel Perez,Groundskeeper,,,31.0,38.5
3,Leo Allen,Warehouse Worker,,,40.5,46.5
4,Emily Harris,Taxi Driver,Housekeeper,Warehouse Worker,46.5,54.0
5,Stella Anderson,Housekeeper,,,33.5,46.0
6,Eleanor Roberts,Mechanic,Groundskeeper,Housekeeper,38.5,59.5
7,Wyatt Foster,Taxi Driver,Warehouse Worker,Groundskeeper,29.5,44.0
8,Gabriel Lopez,Warehouse Worker,Taxi Driver,,36.0,53.0
9,Madeline Ross,Mechanic,Warehouse Worker,Housekeeper,38.0,47.0
10,Christopher Davis,Housekeeper,Taxi Driver,,35.5,38.0
11,Mason Howard,Mechanic,,,35.0,39.5
12,Luna Jenkins,Mechanic,Housekeeper,Warehouse Worker,60.0,70.0
13,Joshua Martin,Mechanic,,,35.5,45.0
14,David Lopez,Mechanic,Groundskeeper,Housekeeper,46.0,54.5
15,James Torres,Taxi Driver,Warehouse Worker,,30.0,49.5
16,Mia King,Taxi Driver,Groundskeeper,Housekeeper,40.5,61.0
17,Mila Edwards,Mechanic,Warehouse Worker,Taxi Driver,40.0,52.0
18,Aurora Smith,Warehouse Worker,Groundskeeper,Housekeeper,48.0,56.5
19,Matthew Turner,Taxi Driver,Housekeeper,Groundskeeper,48.5,61.5
20,Dylan Collins,Mechanic,,,39.5,48.0
21,Caleb Powell,Housekeeper,,,51.0,66.5
22,Elizabeth Russell,Groundskeeper,Warehouse Worker,Housekeeper,40.5,60.5
23,Elijah Green,Housekeeper,Mechanic,,32.5,50.5
24,Layla Allen,Warehouse Worker,,,36.0,39.5
25,Mila Roberts,Groundskeeper,Mechanic,Housekeeper,40.5,55.5
26,Eleanor Rivera,Groundskeeper,Taxi Driver,Mechanic,40.0,57.5
27,Emily Hill,Warehouse Worker,Mechanic,Groundskeeper,32.0,46.5
28,William Russell,Taxi Driver,Mechanic,Groundskeeper,34.5,47.0
29,Aria Taylor,Groundskeeper,Mechanic,,27.0,41.5
30,Layla Anderson,Warehouse Worker,Housekeeper,Taxi Driver,39.0,48.5
31,Bella Reyes,Housekeeper,Mechanic,Groundskeeper,35.0,49.0
32,Alexander Murphy,Mechanic,Taxi Driver,,28.0,45.5
33,Avery Stewart,Housekeeper,Groundskeeper,,36.5,46.5
34,Wyatt Cook,Warehouse Worker,Groundskeeper,Mechanic,28.5,38.5
35,Noah Murphy,Taxi Driver,Groundskeeper,,39.5,64.5
36,Joseph Adams,Taxi Driver,Groundskeeper,Housekeeper,26.5,27.5
37,Chloe Stewart,Housekeeper,,,34.5,57.0
38,Oliver Ramirez,Warehouse Worker,,,47.5,58.5
39,James Mendoza,Mechanic,Warehouse Worker,Taxi Driver,40.0,52.0
40,Jack Anderson,Warehouse Worker,,,35.5,47.0
41,Henry Walker,Taxi Driver,,,49.0,70.0
42,Elizabeth Russell,Taxi Driver,Mechanic,Warehouse Worker,38.5,45.0
43,Ethan Morales,Groundskeeper,Warehouse Worker,Taxi Driver,38.0,54.5
44,Evelyn Flores,Housekeeper,Groundskeeper,Mechanic,35.0,40.0
45,Matthew Watson,Groundskeeper,Taxi Driver,Warehouse Worker,21.5,38.0
46,John Adams,Warehouse Worker,Taxi Driver,Housekeeper,42.0,57.0
47,David Green,Groundskeeper,,,43.0,51.0
48,Ariana Richardson,Groundskeeper,Housekeeper,,37.5,56.0
49,William Allen,Warehouse Worker,Housekeeper,Mechanic,49.5,59.5
50,Owen Bennett,Housekeeper,Mechanic,Warehouse Worker,20.0,30.0
51,Isaac Carter,Warehouse Worker,,,37.0,45.0
52,Grace Kelly,Housekeeper,Mechanic,Groundskeeper,41.0,63.0
53,Grace Mendoza,Groundskeeper,,,39.5,49.0
54,Madeline Martin,Warehouse Worker,Groundskeeper,,47.5,58.5
55,Owen Taylor,Mechanic,,,50.0,61.5
56,Isabella Howard,Mechanic,Housekeeper,,34.0,52.5
57,Alexander Hill,Housekeeper,,,23.0,34.5
58,Penelope Jimenez,Taxi Driver,Housekeeper,Groundskeeper,29.5,39.5
59,Zoey Cox,Taxi Driver,,,35.0,47.5
60,Paisley Stewart,Housekeeper,,,33.5,42.0
61,Penelope Carter,Taxi Driver,Warehouse Worker,Mechanic,34.5,43.0
62,Madeline Williams,Housekeeper,Warehouse Worker,Mechanic,43.0,62.5
63,Alice Adams,Housekeeper,Warehouse Worker,,28.5,38.5
64,Levi Flores,Groundskeeper,Housekeeper,Mechanic,42.0,52.0
65,Paisley Howard,Housekeeper,,,42.5,57.0
66,Savannah Reyes,Mechanic,Taxi Driver,Warehouse Worker,51.5,61.5
67,Layla Ward,Taxi Driver,,,31.5,45.5
68,Samuel Taylor,Groundskeeper,Warehouse Worker,Taxi Driver,39.0,58.5
69,Daniel White,Warehouse Worker,Housekeeper,Groundskeeper,31.0,39.5
70,Aurora Perry,Taxi Driver,Groundskeeper,Warehouse Worker,31.5,43.5
71,Benjamin Campbell,Taxi Driver,Groundskeeper,Mechanic,59.0,70.0
72,Adam Carter,Warehouse Worker,,,42.0,54.5
73,Alexander Nelson,Groundskeeper,Mechanic,Housekeeper,49.0,64.5
74,Bella Perry,Mechanic,,,41.0,45.0
75,Jayden Morris,Mechanic,,,43.5,61.0
76,Sophia Alvarez,Housekeeper,,,59.0,67.5
77,Noah Ramos,Warehouse Worker,Groundskeeper,,44.5,56.5
78,Aiden Hughes,Housekeeper,Taxi Driver,,19.5,33.5
79,Sofia Lopez,Warehouse Worker,,,45.0,61.0
80,Henry Murphy,Mechanic,Warehouse Worker,Groundskeeper,42.5,54.5
81,Penelope White,Taxi Driver,Mechanic,Housekeeper,30.0,38.5
82,Chloe Brown,Warehouse Worker,Mechanic,,50.5,58.5
83,Victoria Jenkins,Warehouse Worker,,,35.0,44.0
84,Chloe Chavez,Housekeeper,Groundskeeper,Mechanic,46.5,58.5
85,Isaiah Brown,Taxi Driver,Mechanic,Housekeeper,40.5,52.0
86,Gabriella Bailey,Warehouse Worker,Taxi Driver,,33.0,55.0
87,Carter Morales,Groundskeeper,Housekeeper,Taxi Driver,29.5,43.0
88,Aiden Diaz,Housekeeper,Taxi Driver,Warehouse Worker,35.0,46.5
89,Bella Kim,Mechanic,Warehouse Worker,Housekeeper,49.0,57.5
90,William Kim,Warehouse Worker,Housekeeper,Mechanic,49.0,56.5
91,Aiden Kim,Housekeeper,,,46.0,60.0
92,Claire Clark,Mechanic,Warehouse Worker,Taxi Driver,36.5,46.0
93,Sebastian Young,Mechanic,,,50.5,62.5
94,Penelope Long,Groundskeeper,Mechanic,,36.5,53.5
95,Hunter Edwards,Mechanic,Groundskeeper,Housekeeper,49.0,66.0
96,Ariana Walker,Mechanic,Housekeeper,,49.5,62.0
97,Hannah Kim,Taxi Driver,Groundskeeper,Mechanic,55.5,70.0
98,Sebastian Diaz,Housekeeper,Groundskeeper,,51.0,68.5
99,Mila Chavez,Groundskeeper,Warehouse Worker,Housekeeper,37.0,57.0
100,Henry Lopez,Housekeeper,Taxi Driver,,61.0,63.5
101,Gabriel Nelson,Mechanic,,,43.0,65.0
102,Natalie Cox,Groundskeeper,Warehouse Worker,,48.5,59.0
103,Penelope Robinson,Mechanic,Groundskeeper,Warehouse Worker,44.5,52.5
104,Henry Scott,Groundskeeper,Taxi Driver,Warehouse Worker,48.0,55.5
105,Caleb Rogers,Housekeeper,Groundskeeper,,43.0,61.0
106,Lucy Jackson,Groundskeeper,Mechanic,,45.5,56.0
107,Jacob Wood,Groundskeeper,Housekeeper,Taxi Driver,51.5,63.0
108,Anthony Lopez,Groundskeeper,Housekeeper,Mechanic,29.0,41.5
109,Chloe Mitchell,Warehouse Worker,Groundskeeper,Mechanic,45.0,57.0
110,Maya Hughes,Taxi Driver,Groundskeeper,Housekeeper,31.5,42.0
111,Benjamin White,Warehouse Worker,Taxi Driver,Mechanic,43.5,58.0
112,Bella Young,Mechanic,Warehouse Worker,,48.5,61.5
113,Hannah Morales,Mechanic,Warehouse Worker,Groundskeeper,40.0,62.0
114,Hunter Hughes,Taxi Driver,Warehouse Worker,Mechanic,41.0,52.5
115,Noah Martin,Taxi Driver,,,42.5,57.0
116,Samuel Hughes,Groundskeeper,Mechanic,Taxi Driver,24.0,24.5
117,Wyatt Wilson,Groundskeeper,Taxi Driver,Warehouse Worker,39.0,46.5
118,Ethan Peterson,Mechanic,Groundskeeper,Warehouse Worker,51.0,67.5
119,Thomas Ross,Groundskeeper,Warehouse Worker,Taxi Driver,37.0,52.0
120,Aubrey Campbell,Warehouse Worker,Taxi Driver,Groundskeeper,47.0,63.5
121,Alexander Green,Mechanic,,,50.0,65.0
122,Jack Morris,Housekeeper,Mechanic,Groundskeeper,37.5,47.0
123,Maverick James,Groundskeeper,Housekeeper,Warehouse Worker,43.5,58.5
124,Joshua Gutierrez,Housekeeper,Warehouse Worker,Groundskeeper,39.5,57.5
125,Ella Kim,Mechanic,Housekeeper,Taxi Driver,49.5,65.5
126,Hailey Reed,Mechanic,Groundskeeper,Taxi Driver,36.0,42.5
127,Riley Davis,Mechanic,Taxi Driver,Groundskeeper,42.5,54.5
128,Carter Long,Taxi Driver,Warehouse Worker,Mechanic,38.5,51.5
129,Maverick Anderson,Taxi Driver,Mechanic,Warehouse Worker,53.0,70.0
130,Alexander Gutierrez,Warehouse Worker,Taxi Driver,Housekeeper,22.0,29.0
131,Aurora Adams,Warehouse Worker,Mechanic,Groundskeeper,31.0,51.0
132,Owen Wright,Mechanic,Taxi Driver,,34.5,56.5
133,Luna Reyes,Taxi Driver,,,32.5,40.0
134,Mila Mendoza,Mechanic,Groundskeeper,Housekeeper,50.5,65.5
135,Evelyn Reyes,Groundskeeper,Warehouse Worker,,49.0,54.5
136,Dylan Collins,Taxi Driver,Warehouse Worker,,37.0,44.5
137,Paisley Moore,Housekeeper,Taxi Driver,Warehouse Worker,40.0,48.0
138,Samantha Adams,Warehouse Worker,Housekeeper,Taxi Driver,34.0,45.0
139,Oliver Morris,Mechanic,,,50.5,56.0
140,Gabriel Lee,Housekeeper,,,37.5,57.5
141,Sophia Powell,Mechanic,Warehouse Worker,Groundskeeper,25.0,39.0
142,Lucy Martinez,Mechanic,Groundskeeper,Taxi Driver,39.0,55.0
143,Hailey Lee,Warehouse Worker,Housekeeper,Groundskeeper,46.5,57.0
144,Joshua Cox,Warehouse Worker,,,42.0,50.0
145,Charlotte Russell,Taxi Driver,Housekeeper,,50.0,60.0
146,Madeline Moore,Housekeeper,Taxi Driver,Warehouse Worker,35.0,50.5
147,Leah Lopez,Housekeeper,Groundskeeper,Taxi Driver,31.0,43.0
148,Sebastian Walker,Groundskeeper,Mechanic,Housekeeper,48.5,67.5
149,Ellie Reed,Housekeeper,,,35.5,52.5
150,Aiden Evans,Taxi Driver,,,33.0,49.0
151,Adam Howard,Taxi Driver,,,51.5,69.5
152,David Morales,Groundskeeper,Warehouse Worker,,52.0,66.0
153,Ella Jimenez,Warehouse Worker,Taxi Driver,,53.0,62.5
154,Hailey Howard,Warehouse Worker,Groundskeeper,Taxi Driver,40.0,54.5
155,Emily King,Housekeeper,Warehouse Worker,,40.5,50.0
156,Riley Ramos,Housekeeper,Warehouse Worker,,48.0,54.0
157,Lincoln Gray,Housekeeper,,,40.5,56.0
158,Hunter Mendoza,Warehouse Worker,Groundskeeper,Mechanic,38.0,53.0
159,Amelia Price,Mechanic,Housekeeper,Taxi Driver,41.0,63.5
160,Grace Wood,Warehouse Worker,Groundskeeper,Housekeeper,30.0,48.0
161,Lucas Phillips,Warehouse Worker,Mechanic,Taxi Driver,57.0,64.0
162,Maverick Ortiz,Warehouse Worker,Housekeeper,Groundskeeper,45.5,55.5
163,Natalie Collins,Groundskeeper,Mechanic,,35.0,48.5
164,Levi Collins,Warehouse Worker,Housekeeper,Taxi Driver,38.0,51.5
165,Owen Phillips,Warehouse Worker,,,38.5,51.5
166,Logan Miller,Warehouse Worker,Taxi Driver,Housekeeper,42.0,51.0
167,Nora Powell,Housekeeper,Groundskeeper,,39.0,51.0
168,Chloe Murphy,Housekeeper,Warehouse Worker,,37.0,56.5
169,Julian Reed,Taxi Driver,,,56.5,70.0
170,Harper Carter,Housekeeper,Groundskeeper,Taxi Driver,38.0,50.0
171,Zoey Lee,Mechanic,Housekeeper,Taxi Driver,27.5,43.0
172,Ariana Robinson,Warehouse Worker,Taxi Driver,,32.0,50.5
173,Levi Edwards,Taxi Driver,Warehouse Worker,Mechanic,41.5,53.0
174,Hazel Ortiz,Groundskeeper,,,37.5,59.0
175,Adam Ramos,Warehouse Worker,,,27.5,39.0
176,Scarlett Castillo,Warehouse Worker,Housekeeper,Mechanic,58.5,70.0
177,Ethan Foster,Warehouse Worker,Groundskeeper,Taxi Driver,48.5,58.0
178,Leo Morgan,Housekeeper,Groundskeeper,Warehouse Worker,49.0,62.5
179,Mateo Lewis,Mechanic,Warehouse Worker,Groundskeeper,45.5,60.5
180,Caleb Johnson,Warehouse Worker,,,53.0,67.5
181,William Diaz,Taxi Driver,Groundskeeper,Warehouse Worker,51.0,62.0
182,Natalie Morgan,Groundskeeper,Warehouse Worker,Housekeeper,51.0,68.0
183,Layla Carter,Warehouse Worker,Groundskeeper,Mechanic,49.0,64.0
184,Nathan Gray,Housekeeper,Warehouse Worker,,44.5,63.0
185,Abigail Ramirez,Taxi Driver,Warehouse Worker,Groundskeeper,24.5,46.5
186,Hailey Morris,Housekeeper,Groundskeeper,Warehouse Worker,32.5,39.5
187,Elijah Harris,Warehouse Worker,,,41.5,56.0
188,Violet Myers,Groundskeeper,Warehouse Worker,Mechanic,38.5,51.0
189,Hailey Ross,Warehouse Worker,Taxi Driver,Mechanic,42.5,54.0
190,Penelope Watson,Warehouse Worker,Groundskeeper,Housekeeper,39.0,54.5
191,Aurora Nguyen,Mechanic,,,52.5,62.0
192,Grace Peterson,Groundskeeper,,,37.0,42.0
193,Alexander Jones,Groundskeeper,Mechanic,Taxi Driver,51.0,60.5
194,Nora Kim,Warehouse Worker,,,51.0,62.0
195,Jackson Anderson,Warehouse Worker,Taxi Driver,Housekeeper,32.5,48.5
196,Emily Wood,Taxi Driver,Housekeeper,Groundskeeper,37.5,52.0
197,Riley Nguyen,Housekeeper,Warehouse Worker,Mechanic,33.5,47.5
198,Lucy Morales,Groundskeeper,,,36.0,55.5
199,Nora Bailey,Groundskeeper,,,40.5,52.5
200,Amelia Cook,Housekeeper,Groundskeeper,Warehouse Worker,39.5,53.5
201,Gabriel Diaz,Mechanic,Groundskeeper,Warehouse Worker,52.5,59.5
202,Mason Thompson,Groundskeeper,Taxi Driver,Housekeeper,43.5,56.0
203,Charlotte Russell,Groundskeeper,Taxi Driver,Housekeeper,44.0,68.0
204,Gabriella Baker,Taxi Driver,,,41.5,53.5
205,Scarlett Flores,Warehouse Worker,Groundskeeper,Taxi Driver,37.0,44.0
206,Sadie Brown,Mechanic,,,36.5,50.5
207,Layla Gomez,Taxi Driver,,,32.0,53.5
208,Bella Reyes,Taxi Driver,Mechanic,Groundskeeper,42.5,60.5
209,Christopher Hughes,Housekeeper,Mechanic,Warehouse Worker,37.0,48.0
210,Amelia Nelson,Mechanic,Warehouse Worker,Housekeeper,46.5,54.0
211,Liam Garcia,Mechanic,,,48.0,67.0
212,John Anderson,Mechanic,Groundskeeper,Warehouse Worker,29.5,45.5
213,Andrew Bennett,Mechanic,Housekeeper,Groundskeeper,50.0,67.5
214,Riley Campbell,Warehouse Worker,,,48.5,68.0
215,Alice Jimenez,Housekeeper,Mechanic,Taxi Driver,31.0,48.5
216,John Kim,Taxi Driver,,,40.5,60.0
217,Levi Anderson,Housekeeper,Mechanic,,32.5,47.5
218,Joseph Thompson,Mechanic,Taxi Driver,Groundskeeper,40.5,61.0
219,Elizabeth Johnson,Housekeeper,Warehouse Worker,Taxi Driver,33.5,46.0
220,Ethan Jenkins,Warehouse Worker,Groundskeeper,Taxi Driver,48.0,61.5
221,Lucy Mitchell,Mechanic,Groundskeeper,,48.5,52.0
222,Oliver Evans,Taxi Driver,Mechanic,Housekeeper,38.5,52.0
223,Ella Turner,Taxi Driver,Warehouse Worker,,38.0,45.0
224,James Robinson,Mechanic,,,33.5,41.0
225,Gabriel Morales,Mechanic,,,50.0,58.0
226,Carter Gomez,Groundskeeper,,,32.5,40.0
227,Claire Jimenez,Mechanic,Housekeeper,,33.0,39.5
228,Sophia Flores,Taxi Driver,Mechanic,Housekeeper,57.0,68.5
229,Natalie Kim,Taxi Driver,Warehouse Worker,Housekeeper,38.5,52.0
230,Zoey Castillo,Groundskeeper,Mechanic,Taxi Driver,39.5,49.0
231,Noah Alvarez,Groundskeeper,Housekeeper,Mechanic,49.5,64.5
232,Luke Jenkins,Warehouse Worker,Groundskeeper,Housekeeper,36.0,52.5
233,Thomas Morris,Mechanic,Warehouse Worker,Groundskeeper,40.0,56.0
234,Grace Patel,Warehouse Worker,Mechanic,Housekeeper,53.0,62.5
235,Ryan Wood,Mechanic,Groundskeeper,,62.5,70.0
236,Aurora Phillips,Mechanic,,,39.0,55.5
237,Julian Ramos,Warehouse Worker,Housekeeper,Taxi Driver,47.5,68.5
238,Riley Davis,Taxi Driver,Mechanic,Groundskeeper,35.5,45.5
239,Victoria Ortiz,Housekeeper,Groundskeeper,Taxi Driver,43.0,58.0
240,Gabriella Ward,Warehouse Worker,Taxi Driver,Housekeeper,43.0,65.5
241,Stella Kelly,Taxi Driver,Mechanic,,28.5,42.5
242,Sofia Parker,Taxi Driver,Mechanic,Groundskeeper,48.0,64.0
243,Aubrey Hall,Mechanic,Taxi Driver,Housekeeper,27.5,34.0
244,Ariana Rodriguez,Mechanic,Groundskeeper,Housekeeper,33.5,44.0
245,Evelyn Mitchell,Taxi Driver,,,46.0,60.5
246,Ellie Mitchell,Warehouse Worker,Taxi Driver,Housekeeper,26.5,35.5
247,Aria Reed,Groundskeeper,Mechanic,Taxi Driver,32.0,37.0
248,Jacob Martin,Groundskeeper,Warehouse Worker,Mechanic,44.5,69.5
249,Hailey Allen,Warehouse Worker,Groundskeeper,Mechanic,41.5,56.5
250,Gabriel Ramos,Housekeeper,Taxi Driver,Warehouse Worker,21.0,28.5
251,Mila Campbell,Housekeeper,Groundskeeper,Mechanic,37.5,48.0
252,Luna Baker,Housekeeper,,,40.5,56.5
253,Abigail Gomez,Warehouse Worker,Housekeeper,Mechanic,42.0,47.5
254,Anthony Reyes,Housekeeper,,,44.5,62.0
255,Oliver Jimenez,Mechanic,Warehouse Worker,Groundskeeper,39.0,55.0
256,Anthony Martinez,Warehouse Worker,Groundskeeper,Mechanic,54.5,66.5
257,Carter Reed,Mechanic,,,42.5,59.5
258,Isaiah Foster,Groundskeeper,Mechanic,,29.0,44.5
259,Daniel Martin,Warehouse Worker,,,37.5,47.5
260,Jacob Diaz,Warehouse Worker,Taxi Driver,Groundskeeper,33.0,44.5
261,Jayden Morris,Warehouse Worker,Taxi Driver,Housekeeper,42.0,58.5
262,Paisley Cooper,Groundskeeper,Mechanic,Taxi Driver,37.0,42.0
263,Ariana Morris,Mechanic,Housekeeper,Taxi Driver,44.5,51.5
264,David Jones,Groundskeeper,Housekeeper,,34.5,44.0
265,Eleanor Morris,Warehouse Worker,Groundskeeper,,46.5,55.0
266,Nathan Rodriguez,Housekeeper,,,46.0,60.5
267,Elijah Sanders,Mechanic,,,31.5,49.0
268,John Sanchez,Groundskeeper,Mechanic,Housekeeper,25.5,32.0
269,Logan Foster,Housekeeper,Taxi Driver,,38.5,47.5
270,Mila Morales,Groundskeeper,Mechanic,Housekeeper,39.5,58.0
271,Luke Walker,Mechanic,Taxi Driver,Housekeeper,45.0,58.5
272,Joseph Collins,Taxi Driver,Warehouse Worker,Housekeeper,31.5,43.5
273,Jack Jackson,Groundskeeper,Housekeeper,Mechanic,33.0,56.5
274,John Garcia,Taxi Driver,Mechanic,,40.0,55.5
275,Ethan Hill,Housekeeper,Warehouse Worker,Groundskeeper,48.0,64.0
276,Layla Roberts,Housekeeper,Warehouse Worker,Taxi Driver,45.0,57.0
277,Andrew Cook,Taxi Driver,,,38.0,48.5
278,Gabriel Anderson,Mechanic,Warehouse Worker,Housekeeper,42.0,52.5
279,Samantha Watson,Groundskeeper,,,34.5,49.5
280,Caleb Kelly,Taxi Driver,Warehouse Worker,Groundskeeper,42.5,54.0
281,Elijah Myers,Mechanic,,,36.0,43.5
282,John Anderson,Housekeeper,Warehouse Worker,,20.5,31.0
283,Lucy Hill,Housekeeper,Warehouse Worker,Groundskeeper,52.0,62.5
284,Aubrey Bailey,Groundskeeper,Housekeeper,Taxi Driver,54.0,70.0
285,Eva Robinson,Mechanic,Groundskeeper,Warehouse Worker,31.0,44.5
286,Aria Taylor,Warehouse Worker,Mechanic,Taxi Driver,38.0,53.5
287,Lucy Ruiz,Groundskeeper,Housekeeper,Warehouse Worker,50.5,61.0
288,Dylan Cooper,Mechanic,Taxi Driver,Groundskeeper,51.5,64.0
289,Riley Cruz,Groundskeeper,Taxi Driver,Housekeeper,39.0,58.5
290,Claire Edwards,Housekeeper,Mechanic,Taxi Driver,38.5,46.5
291,Liam Ruiz,Mechanic,Housekeeper,Groundskeeper,37.5,43.0
292,Joseph Hall,Warehouse Worker,Housekeeper,Taxi Driver,38.0,52.0
293,Chloe Gomez,Housekeeper,Warehouse Worker,Mechanic,36.0,56.0
294,Nathan Lewis,Mechanic,Taxi Driver,Housekeeper,39.5,49.5
295,Natalie Brooks,Groundskeeper,,,50.5,69.5
296,Caleb Morales,Groundskeeper,Housekeeper,,31.0,41.0
297,Grace Howard,Groundskeeper,Housekeeper,Taxi Driver,39.5,57.0
298,Jackson Martinez,Groundskeeper,Mechanic,Warehouse Worker,41.0,53.5
299,Dylan Baker,Groundskeeper,Housekeeper,Warehouse Worker,42.0,46.0
300,Ryan Phillips,Groundskeeper,Warehouse Worker,,47.0,62.0
301,Landon Allen,Taxi Driver,Groundskeeper,Warehouse Worker,30.5,38.0
302,Nora Taylor,Groundskeeper,Mechanic,Warehouse Worker,30.5,40.5
303,Elizabeth Wood,Housekeeper,Taxi Driver,Mechanic,48.5,66.0
304,Jacob Ross,Warehouse Worker,Housekeeper,Mechanic,41.0,48.0
305,Mason Evans,Groundskeeper,Warehouse Worker,Taxi Driver,36.5,44.5
306,Aria Watson,Groundskeeper,,,25.0,33.5
307,Sadie Taylor,Taxi Driver,Groundskeeper,,33.5,52.0
308,Scarlett Torres,Mechanic,Housekeeper,,40.5,54.0
309,Abigail Lee,Warehouse Worker,Housekeeper,Taxi Driver,25.5,39.0
310,Zoey Myers,Groundskeeper,,,38.5,44.0
311,Isabella Foster,Warehouse Worker,,,46.5,53.0
312,Caleb Williams,Housekeeper,Warehouse Worker,Taxi Driver,54.5,64.5
313,Mason Reed,Housekeeper,Warehouse Worker,Taxi Driver,44.5,58.5
314,Scarlett Foster,Housekeeper,Mechanic,,37.0,46.5
315,Abigail Castillo,Taxi Driver,Housekeeper,Warehouse Worker,45.0,57.5
316,Sadie Young,Mechanic,Warehouse Worker,Taxi Driver,25.5,33.0
317,David Howard,Groundskeeper,Housekeeper,,39.0,57.0
318,Julian Brown,Taxi Driver,,,32.0,39.0
319,Sophia Ortiz,Groundskeeper,Taxi Driver,Mechanic,43.5,51.5
320,Violet Long,Taxi Driver,,,27.0,32.0
321,Alice Rogers,Housekeeper,,,48.0,67.5
322,Sofia Rivera,Groundskeeper,Taxi Driver,,54.5,68.5
323,Hailey Sanchez,Mechanic,Groundskeeper,Warehouse Worker,47.0,57.5
324,Sebastian Harris,Mechanic,,,53.5,66.5
325,Nora Roberts,Warehouse Worker,Mechanic,,43.5,49.0
326,Victoria Davis,Groundskeeper,,,53.0,68.5
327,Leo Cooper,Warehouse Worker,,,37.5,53.5
328,Caleb Bailey,Warehouse Worker,Housekeeper,,36.5,51.5
329,Paisley Martin,Housekeeper,Warehouse Worker,Mechanic,28.0,34.0
330,Riley Diaz,Mechanic,Housekeeper,Warehouse Worker,34.5,46.0
331,Hunter Green,Housekeeper,Taxi Driver,Groundskeeper,41.5,55.0
332,Jayden Kim,Taxi Driver,Housekeeper,Groundskeeper,57.0,59.5
333,Isaiah Rodriguez,Taxi Driver,,,58.5,70.0
334,Nathan Mendoza,Groundskeeper,Warehouse Worker,Taxi Driver,34.0,41.0
335,Avery Brown,Warehouse Worker,Mechanic,Taxi Driver,22.0,37.5
336,Avery Wright,Taxi Driver,,,31.5,47.5
337,Hailey Lopez,Warehouse Worker,Groundskeeper,,41.0,51.0
338,Hannah Gomez,Warehouse Worker,,,33.5,44.0
339,Michael Morris,Housekeeper,Groundskeeper,Taxi Driver,40.0,49.0
340,Oliver Reed,Mechanic,,,47.5,64.5
341,Jacob Allen,Groundskeeper,,,26.0,34.0
342,Ella Castillo,Taxi Driver,Groundskeeper,Housekeeper,31.0,49.0
343,Mila Cooper,Housekeeper,Mechanic,Taxi Driver,36.0,51.5
344,Sofia Cook,Housekeeper,Taxi Driver,Groundskeeper,45.5,54.5
345,Layla Morales,Taxi Driver,,,43.5,58.5
346,Alexander Lee,Warehouse Worker,,,44.0,57.5
347,Gabriella Harris,Housekeeper,Mechanic,Groundskeeper,45.5,57.0
348,Paisley Lee,Warehouse Worker,Taxi Driver,Mechanic,46.0,65.5
349,Harper Gonzalez,Taxi Driver,Groundskeeper,,32.5,49.0
350,Lucas Reed,Taxi Driver,Warehouse Worker,Mechanic,47.0,60.5
351,Evelyn White,Warehouse Worker,Mechanic,,34.0,48.0
352,John Reyes,Groundskeeper,Housekeeper,Warehouse Worker,46.5,67.0
353,Willow Moore,Mechanic,Warehouse Worker,Taxi Driver,52.5,56.5
354,Alexander Ortiz,Groundskeeper,Housekeeper,,22.5,41.5
355,Stella Foster,Mechanic,Groundskeeper,,47.5,61.0
356,Maverick Walker,Warehouse Worker,Mechanic,Groundskeeper,54.5,66.5
357,Landon Campbell,Groundskeeper,Mechanic,Warehouse Worker,52.5,63.0
358,Julian Rogers,Housekeeper,Taxi Driver,,33.5,44.0
359,Mia Hill,Warehouse Worker,Groundskeeper,Taxi Driver,34.5,53.0
360,Elizabeth Evans,Housekeeper,Groundskeeper,,35.5,55.0
361,Luke Lopez,Taxi Driver,Mechanic,Groundskeeper,37.0,48.5
362,Scarlett Rivera,Taxi Driver,,,38.0,44.0
363,Liam Morris,Warehouse Worker,Housekeeper,Taxi Driver,41.5,63.0
364,Bella Hughes,Housekeeper,Mechanic,Groundskeeper,32.5,40.0
365,Anthony Cruz,Taxi Driver,,,26.5,43.5
366,Penelope Murphy,Groundskeeper,Warehouse Worker,Taxi Driver,42.5,59.5
367,Avery Harris,Housekeeper,Groundskeeper,Taxi Driver,46.0,57.0
368,Jacob Watson,Housekeeper,Warehouse Worker,,44.5,52.5
369,John Edwards,Warehouse Worker,Taxi Driver,Groundskeeper,48.0,52.0
370,Joseph Ward,Taxi Driver,Warehouse Worker,,45.0,61.5
371,Samuel Adams,Mechanic,Housekeeper,Taxi Driver,43.5,49.5
372,Julian Morgan,Groundskeeper,Housekeeper,,45.0,63.0
373,Samuel Ross,Mechanic,,,43.5,50.5
374,Layla Richardson,Groundskeeper,Taxi Driver,Mechanic,42.5,47.5
375,Jacob Baker,Mechanic,Housekeeper,Warehouse Worker,41.0,54.5
376,Adam Rodriguez,Groundskeeper,Housekeeper,Mechanic,32.0,42.5
377,Sofia Sanchez,Housekeeper,Warehouse Worker,Mechanic,56.5,68.0
378,Victoria Rodriguez,Warehouse Worker,Taxi Driver,Mechanic,43.0,56.0
379,Christopher Carter,Housekeeper,,,32.0,50.0
380,Oliver Thompson,Groundskeeper,Taxi Driver,Housekeeper,31.5,46.5
381,Zoey Jones,Taxi Driver,Housekeeper,Warehouse Worker,56.0,67.5
382,Carter Roberts,Housekeeper,,,34.0,54.0
383,Alexander Perry,Taxi Driver,,,34.0,54.5
384,Luke Jones,Warehouse Worker,Housekeeper,Taxi Driver,42.5,51.5
385,Ariana Ramirez,Groundskeeper,Mechanic,Housekeeper,33.0,46.5
386,Samantha Martinez,Housekeeper,Taxi Driver,Warehouse Worker,53.0,65.5
387,Gabriella Lopez,Mechanic,Housekeeper,Taxi Driver,44.0,56.5
388,Alexander Ramos,Groundskeeper,Mechanic,Warehouse Worker,42.0,61.5
389,Owen Torres,Housekeeper,,,36.5,53.0
390,Hailey Cruz,Mechanic,Warehouse Worker,Groundskeeper,41.0,47.5
391,Scarlett Scott,Groundskeeper,Taxi Driver,Mechanic,34.0,47.0
392,Elijah Bailey,Groundskeeper,Mechanic,,33.0,43.0
393,Oliver Garcia,Groundskeeper,Mechanic,Warehouse Worker,36.0,53.0
394,Samantha Wright,Taxi Driver,,,44.5,57.5
395,Emily Rogers,Mechanic,Warehouse Worker,,31.0,53.0
396,Amelia Jackson,Groundskeeper,Warehouse Worker,Mechanic,35.0,56.5
397,Owen Perez,Mechanic,Warehouse Worker,Taxi Driver,41.0,54.0
398,Evelyn Scott,Mechanic,Groundskeeper,Taxi Driver,44.5,57.5
399,Aubrey Martin,Groundskeeper,Mechanic,,39.5,55.5
400,Gabriel Garcia,Warehouse Worker,Housekeeper,Taxi Driver,36.5,42.5
401,Maverick Miller,Groundskeeper,Warehouse Worker,Mechanic,21.5,34.5
402,Harper White,Housekeeper,Taxi Driver,Mechanic,37.5,51.5
403,Samantha Anderson,Taxi Driver,Housekeeper,Groundskeeper,55.5,70.0
404,Claire Watson,Warehouse Worker,,,33.0,42.5
405,Ethan Morgan,Groundskeeper,Taxi Driver,Warehouse Worker,49.0,61.5
406,Gabriella Collins,Housekeeper,,,43.0,55.5
407,Sophia Smith,Housekeeper,Groundskeeper,Mechanic,53.0,67.5
408,Emily Jimenez,Mechanic,Housekeeper,Warehouse Worker,38.0,57.0
409,Joshua Young,Warehouse Worker,Mechanic,Groundskeeper,38.0,55.5
410,Hailey Jackson,Warehouse Worker,Groundskeeper,,36.0,49.0
411,Willow Russell,Housekeeper,,,36.0,52.0
412,Caleb Morris,Mechanic,Groundskeeper,Warehouse Worker,42.5,60.5
413,David Long,Warehouse Worker,Housekeeper,Taxi Driver,44.0,53.0
414,Sofia Watson,Warehouse Worker,Housekeeper,Mechanic,42.5,51.0
415,David Ramos,Warehouse Worker,Taxi Driver,Housekeeper,36.0,39.5
416,Emily Lopez,Warehouse Worker,,,33.0,46.0
417,Noah Cox,Taxi Driver,Mechanic,,41.0,58.0
418,Luke Nelson,Mechanic,Taxi Driver,,53.5,70.0
419,Joshua Gonzalez,Groundskeeper,Housekeeper,Taxi Driver,44.0,60.5
420,Ella Mitchell,Mechanic,,,50.0,68.5
421,Matthew Jimenez,Housekeeper,Mechanic,,43.0,62.5
422,Aubrey Howard,Groundskeeper,,,48.5,63.5
423,Zoey Evans,Taxi Driver,Housekeeper,Warehouse Worker,50.5,70.0
424,Maya Kim,Taxi Driver,,,46.0,58.5
425,Nathan Jimenez,Groundskeeper,Housekeeper,Mechanic,37.0,50.5
426,Eleanor Gutierrez,Groundskeeper,Housekeeper,,37.0,48.5
427,William Gray,Warehouse Worker,Mechanic,Housekeeper,42.0,64.5
428,Carter Martin,Warehouse Worker,Mechanic,Groundskeeper,42.0,52.5
429,Bella Hall,Warehouse Worker,,,38.0,59.0
430,Victoria Castillo,Warehouse Worker,Groundskeeper,Taxi Driver,30.5,33.0
431,Matthew Bennett,Groundskeeper,Taxi Driver,Mechanic,32.5,43.0
432,Ethan Gutierrez,Warehouse Worker,Taxi Driver,,51.5,57.5
433,Amelia Lee,Housekeeper,Warehouse Worker,,34.0,34.5
434,Eva Nguyen,Housekeeper,Warehouse Worker,,43.5,51.5
435,Paisley Perez,Warehouse Worker,Taxi Driver,Groundskeeper,37.5,42.5
436,Isabella Lewis,Warehouse Worker,Housekeeper,Taxi Driver,35.0,52.0
437,Abigail Nelson,Mechanic,Groundskeeper,Housekeeper,44.0,61.5
438,Michael Hughes,Groundskeeper,Mechanic,Warehouse Worker,39.5,61.0
439,Zoey Myers,Housekeeper,Groundskeeper,Taxi Driver,31.0,48.0
440,Elijah Ward,Housekeeper,,,47.5,60.0
441,Ella Phillips,Warehouse Worker,,,29.0,42.0
442,Matthew Harris,Mechanic,Warehouse Worker,Taxi Driver,39.5,67.0
443,Andrew Gomez,Taxi Driver,Warehouse Worker,,29.5,44.5
444,Isaac Baker,Warehouse Worker,Groundskeeper,Taxi Driver,34.0,48.0
445,Chloe Patel,Groundskeeper,Housekeeper,Taxi Driver,45.0,61.0
446,Alexander Lewis,Housekeeper,Mechanic,Groundskeeper,35.5,41.0
447,Caleb Ramos,Warehouse Worker,Taxi Driver,,39.0,53.0
448,Carter Howard,Mechanic,Housekeeper,Taxi Driver,37.5,45.0
449,Landon Morgan,Taxi Driver,Mechanic,Warehouse Worker,52.0,58.5
450,Carter Moore,Taxi Driver,Housekeeper,Warehouse Worker,37.5,58.0
451,Michael Diaz,Housekeeper,Taxi Driver,Groundskeeper,37.5,42.0
452,Ryan Turner,Mechanic,Warehouse Worker,Groundskeeper,53.0,63.0
453,Willow Ward,Warehouse Worker,Groundskeeper,Taxi Driver,32.5,35.0
454,Levi Long,Taxi Driver,,,30.0,42.0
455,Evelyn Wilson,Mechanic,Taxi Driver,Groundskeeper,34.5,51.5
456,Hannah Evans,Warehouse Worker,,,35.0,53.0
457,William Cooper,Taxi Driver,Mechanic,,47.0,57.0
458,James Jackson,Mechanic,Taxi Driver,Housekeeper,39.0,47.5
459,Mia Reyes,Mechanic,Warehouse Worker,,42.0,61.5
460,Logan Long,Mechanic,Groundskeeper,,56.0,70.0
461,Layla Bennett,Housekeeper,Mechanic,Warehouse Worker,43.0,47.0
462,Elizabeth Alvarez,Groundskeeper,,,43.5,54.5
463,Mia Reyes,Groundskeeper,Mechanic,,20.5,36.0
464,Luke Price,Mechanic,,,52.0,56.0
465,Michael Parker,Mechanic,,,35.0,50.5
466,Scarlett Reed,Groundskeeper,Housekeeper,,25.0,41.5
467,Oliver Morris,Housekeeper,,,51.0,70.0
468,Nora Watson,Housekeeper,,,39.5,46.5
469,Dylan Jenkins,Taxi Driver,Housekeeper,Groundskeeper,47.5,58.0
470,Liam Johnson,Warehouse Worker,,,41.0,60.5
471,Charlotte Wilson,Mechanic,Taxi Driver,Warehouse Worker,33.0,36.0
472,Thomas Chavez,Mechanic,Groundskeeper,Housekeeper,31.0,50.5
473,Dylan Davis,Mechanic,Housekeeper,Groundskeeper,48.5,60.0
474,Hunter Ward,Housekeeper,Warehouse Worker,,34.0,44.0
475,Ryan Torres,Taxi Driver,,,30.0,47.0
476,Eleanor Turner,Taxi Driver,,,53.0,57.5
477,Mila Howard,Taxi Driver,,,46.0,54.5
478,Harper Sanders,Taxi Driver,Groundskeeper,,33.5,44.0
479,Ellie Jones,Taxi Driver,,,26.0,43.5
480,Dylan Mendoza,Groundskeeper,Taxi Driver,Mechanic,55.5,64.0
481,Lucy Cox,Taxi Driver,Housekeeper,Warehouse Worker,46.0,58.5
482,Joshua Roberts,Mechanic,Taxi Driver,Housekeeper,24.0,33.5
483,Jackson Ramirez,Mechanic,,,40.5,51.5
484,Logan Anderson,Taxi Driver,Groundskeeper,,31.5,44.5
485,Henry Walker,Housekeeper,,,44.5,57.5
486,Lily Lewis,Mechanic,Taxi Driver,Housekeeper,44.0,64.0
487,Landon Morgan,Mechanic,Housekeeper,Taxi Driver,25.0,32.0
488,Luna Sanchez,Groundskeeper,Taxi Driver,Housekeeper,31.5,49.5
489,Claire Johnson,Warehouse Worker,Mechanic,Housekeeper,29.5,40.0
490,Riley Mendoza,Groundskeeper,Mechanic,Taxi Driver,47.5,63.0
491,Willow Ramirez,Warehouse Worker,Taxi Driver,Mechanic,41.0,50.5
492,Dylan Gutierrez,Housekeeper,Mechanic,Taxi Driver,47.0,60.5
493,Chloe Patel,Warehouse Worker,,,47.0,60.0
494,Gabriel Bennett,Taxi Driver,Housekeeper,,41.5,51.0
495,Ariana Cruz,Mechanic,Housekeeper,,30.5,37.5
496,Carter Perez,Taxi Driver,,,36.0,49.0
497,Christopher Hughes,Housekeeper,,,41.0,44.0
498,Alice Foster,Housekeeper,Groundskeeper,Mechanic,43.5,49.0
499,Claire Rodriguez,Taxi Driver,Mechanic,,41.0,65.0
500,Owen Lee,Warehouse Worker,Housekeeper,Taxi Driver,34.5,54.0
